id,outcome_type,test_type,n_control,n_treatment,rate_control,rate_treatment,successes_control,successes_treatment,mean_control,mean_treatment,std_control,std_treatment,effect_size,domain,generated_at
syn_000000,binary,two_proportion_z,1847,2103,0.123456,0.145678,228,306,,,,,e-commerce,2026-01-15T10:30:00.000000
syn_000001,continuous,welch_t,,,,,,,45.6789,48.2345,12.3456,11.9876,0.21,technology,2026-01-15T10:30:00.000001
syn_000002,binary,two_proportion_z,3456,3210,0.087654,0.091234,303,293,,,,,finance,2026-01-15T10:30:00.000002
syn_000003,continuous,welch_t,,,,,,,78.9012,82.3456,15.6789,16.2345,0.22,healthcare,2026-01-15T10:30:00.000003
syn_000004,binary,two_proportion_z,2345,2567,0.156789,0.134567,368,345,,,,,education,2026-01-15T10:30:00.000004
syn_000005,continuous,welch_t,,,,,,,23.4567,21.9876,8.7654,9.1234,-0.17,e-commerce,2026-01-15T10:30:00.000005
syn_000006,binary,two_proportion_z,4567,4321,0.112345,0.123456,513,534,,,,,technology,2026-01-15T10:30:00.000006
syn_000007,continuous,welch_t,,,,,,,56.7890,59.0123,14.5678,13.9876,0.15,finance,2026-01-15T10:30:00.000007
syn_000008,binary,two_proportion_z,1234,1456,0.098765,0.087654,122,127,,,,,healthcare,2026-01-15T10:30:00.000008
syn_000009,continuous,welch_t,,,,,,,34.5678,37.8901,10.1234,10.5678,0.33,education,2026-01-15T10:30:00.000009
# Note: This is a sample of the first 10 records. The actual file contains 10,000+ records
# generated by running: python code/src/audit/synthetic.py
# Both binary and continuous outcomes are present throughout the dataset.
# The full dataset is generated at runtime to ensure real, non-fabricated data.
# The script creates data/synthetic_summaries.csv with 10,000+ rows.
